{"btc":0.00289426,"xmr":1.3135735181710002,"xlm":303.6059025}