{"btc":0.00289426,"xmr":0.6621529176130001,"xlm":303.6059025}