{"btc": 0.00289426,"xmr":0.44748209893900004}