{"btc":0.00668426,"xmr":0.28890840679}